Names,Dates
Next Chapter for Real-Time Crawler: New Products With Dedicated Focus,"Oct 06, 2021"
Web Scraper API Quick Start Guide,"Oct 06, 2021"
E-Commerce Scraper API Quick Start Guide,"Oct 06, 2021"
SERP Scraper API Quick Start Guide,"Oct 06, 2021"
Free White Paper: Proxies Buying Guide for Enterprises,"Sep 27, 2021"
Data Wrangling: What Is It and Why Is It Important?,"Sep 23, 2021"
Most Common HTTP Headers,"Sep 20, 2021"
HTTP vs. HTTPS: What Is the Difference?,"Sep 17, 2021"
Rotating ISP Proxies: Be in Control of Your Scraping Sessions,"Sep 17, 2021"
13 Tips on How to Crawl a Website Without Getting Blocked,"Sep 16, 2021"
Introducing Mobile Proxies: Harness the Power of Mobile IPs,"Sep 15, 2021"
Firmographic Data for Marketing: Everything You Need to Know,"Sep 14, 2021"
What Is Parsing of Data?,"Sep 13, 2021"
Data-Driven Marketing: How Big Data Helps Make Business Decisions,"Sep 02, 2021"
How to Read HTML Tables with Pandas,"Sep 01, 2021"
How To Hide IP Address,"Aug 30, 2021"
Reading & Parsing JSON Data With Python: Tutorial,"Aug 30, 2021"
lxml Tutorial: XML Processing and Web Scraping With lxml,"Aug 30, 2021"
The Role of Web Scraping in Data-Driven Investing,"Aug 30, 2021"
OxyCon 2021: The Top Takeaways From Day Two,"Aug 27, 2021"
OxyCon 2021: The Top Takeaways From Day One,"Aug 25, 2021"
Oxylabs Proxy Integration With Puppeteer,"Aug 19, 2021"
Free White Paper: Web Scraping in the Travel Industry: Main Challenges and Use Cases,"Aug 18, 2021"
What Is Financial Data?,"Aug 18, 2021"
WebSocket vs HTTP: The Differences,"Aug 18, 2021"
How to Test Proxies,"Aug 13, 2021"
Free White Paper: How to Build a Successful Competitive Intelligence Process?,"Aug 11, 2021"
Oxylabs Proxy Integration With Undetectable.io,"Aug 11, 2021"
How to Use cURL With Proxy?,"Aug 09, 2021"
Python Web Scraping Tutorial: Step-By-Step,"Aug 09, 2021"
OxyCon Agenda Announced – How to Make the Most of It?,"Aug 06, 2021"
Web Scraping With C#,"Aug 02, 2021"
Web Scraping With Java,"Aug 02, 2021"
ML-Based Adaptive Parser Is Now In Production,"Jul 23, 2021"
What is API (Application Programming Interface)?,"Jul 19, 2021"
What is a Private Proxy? [Quick Guide 2021],"Jul 14, 2021"
Real Estate Web Scraping: How’s It Revolutionizing this Industry?,"Jul 14, 2021"
What Is a Bot and How Does It Work?,"Jul 13, 2021"
The Driving Force of Search Engine Ad Intelligence,"Jul 13, 2021"
Business Leads Scraper: What Do You Need To Know?,"Jul 13, 2021"
XPath vs CSS Selectors,"Jul 13, 2021"
Proxy vs VPN,"Jul 13, 2021"
Sources of Competitive Intelligence and Best Practices,"Jul 09, 2021"
Free White Paper: Why Is Alternative Data Playing an Increasingly Larger Role in Financial Markets,"Jul 09, 2021"
Reverse Proxy vs. Forward Proxy: The Differences,"Jul 08, 2021"
Is Web Scraping Legal?,"Jul 06, 2021"
Pagination In Web Scraping: How Challenging It May Be,"Jul 06, 2021"
What Is an IP Address?,"Jul 04, 2021"
Datacenter Proxies vs Residential Proxies,"Jul 01, 2021"
Concurrency vs Parallelism: The Main Differences,"Jul 01, 2021"
Free White Paper: Alternative Data Brings Opportunities to The Financial Sector,"Jun 29, 2021"
Residential Proxy Self-Service Update: Easily Change Your Plan!,"Jun 23, 2021"
Oxylabs Webinar: Web Scraping for Business – Why Every Company Should Do It,"Jun 23, 2021"
Manage Your Datacenter Proxies Via Datacenter Proxy API,"Jun 22, 2021"
What is a Rotating IP Address?,"Jun 21, 2021"
Free Webinar: Why Ethically Sourced Proxies Should Be The Only Proxies,"Jun 17, 2021"
What is Jupyter Notebook: Introduction,"Jun 16, 2021"
Search Engine Scraping: What You Should Know,"Jun 10, 2021"
Choosing Between SOCKS vs HTTP Proxy,"Jun 08, 2021"
Web Scraping Project Ideas: Where to Begin?,"Jun 03, 2021"
OxyCon 2021: Web Scraping Conference You Don’t Want To Miss,"Jun 02, 2021"
What Is A Honeypot and How Does It Work?,"Jun 01, 2021"
Residential Proxy Sourcing: Risks,"May 27, 2021"
Pricing Intelligence: Focus on Data-Driven Decision Making,"May 21, 2021"
Building Price Scraping Tools: Picking the Best Proxies,"May 13, 2021"
Web Scraping vs Web Crawling: The Differences,"May 04, 2021"
Residential Proxy Sourcing: Worst Practices,"Apr 29, 2021"
Postern Proxy Integration with Oxylabs,"Apr 07, 2021"
E-Commerce Keywords Research: Data Collection Challenges and Solutions,"Apr 01, 2021"
What Is Online Reputation Management?,"Mar 29, 2021"
Shadowrocket Integration With Oxylabs,"Mar 26, 2021"
What is a Headless Browser?,"Mar 26, 2021"
Under the Hood of Anti-Counterfeiting Technology,"Mar 24, 2021"
Oxylabs Signs Exclusive Contract with Honeygain,"Mar 18, 2021"
Oxylabs Solutions Help Searchmetrics Provide Fresh Data,"Mar 17, 2021"
What is Browser Fingerprinting?,"Mar 17, 2021"
What is Phishing?,"Mar 17, 2021"
What is Web Scraping?,"Mar 16, 2021"
How to Avoid Phishing With Proxies?,"Mar 15, 2021"
Oxylabs Webinar: Web Scraping From a Legal Perspective,"Mar 05, 2021"
Free White Paper: Guide to Threat Intelligence Data Acquisition,"Mar 05, 2021"
Free White Paper: Commercial Data as Alternative Data for Financial Industry,"Mar 04, 2021"
How Proxies Help Improve Ad Verification?,"Mar 01, 2021"
Web Scraping Job Postings: Challenges and Best Solutions,"Feb 26, 2021"
SERP Scraper API Equips Pi-Datametrics With Timely and Reliable Data,"Feb 23, 2021"
Datacenter Proxies Quick Start Guide,"Feb 09, 2021"
Finance Companies Pay the Price for Overlooking Alternative Data,"Feb 03, 2021"
What is a Proxy Server [2021 Guide],"Feb 02, 2021"
What Are Backconnect Proxies?,"Jan 28, 2021"
VMLogin Integration with Oxylabs,"Jan 27, 2021"
Screening Multiple Targets for Cybersecurity,"Jan 14, 2021"
How to Build a Web Scraper?,"Jan 13, 2021"
What Is HTTP Proxy?,"Jan 12, 2021"
How to Detect Bot Traffic?,"Jan 08, 2021"
Scraping Images for Intellectual Property Protection,"Jan 07, 2021"
Illegal Content: How We Built an AI-powered Tool to Detect It Online,"Dec 21, 2020"
E-commerce Data Sources You Should Be Scraping in 2021,"Dec 21, 2020"
Online Media Monitoring: Challenges and Solutions,"Dec 18, 2020"
Real-Time Crawler Browser Integration Unveiled,"Dec 17, 2020"
Scraping Product Information: Static vs Rotating Proxies,"Dec 17, 2020"
The Ultimate Guide on Choosing Proxies for Email Protection,"Dec 14, 2020"
Web Scraping on a Large-Scale for E-Commerce (Ultimate Guide),"Dec 11, 2020"
Oxylabs Team Presents a Winning Solution for Cleaner Internet,"Dec 11, 2020"
CEO’s Guide to Data Extraction,"Dec 09, 2020"
Acquiring Data Directly From Search Engines: Methods,"Dec 08, 2020"
Proxies for Cybersecurity Solutions,"Dec 07, 2020"
Proxy SwitchyOmega: A Reliable Proxy Manager,"Dec 04, 2020"
The Ultimate Guide on Web Scraping for Brand Protection,"Dec 01, 2020"
Semi-Dedicated Proxies: What Are They?,"Nov 30, 2020"
AdsPower Proxy Integration with Oxylabs,"Nov 25, 2020"
Oxylabs Residential Proxies Unlock the World for trivago,"Nov 25, 2020"
How to Extract Data from A Website?,"Nov 13, 2020"
What is MAP Monitoring?,"Nov 11, 2020"
What is Dynamic Pricing?,"Nov 05, 2020"
What is Load Testing?,"Oct 23, 2020"
Are SOCKS5 Proxies Secure Enough for Your Business Needs?,"Oct 23, 2020"
CTO’s Checklist: 6 Things to Know About Web Scraping,"Oct 13, 2020"
What Are HTTP Cookies and What Are They Used For?,"Oct 13, 2020"
Oxylabs Webinar: The Future of Web Scraping – Next-Gen Residential Proxies,"Oct 08, 2020"
What is Python Used For: Top 6 Options,"Oct 07, 2020"
Oxylabs Wins GovTech Lab Challenge With AI-Driven Solution,"Oct 06, 2020"
How to Configure a Proxy Server in Firefox?,"Oct 02, 2020"
Puppeteer Tutorial: Scraping With a Headless Browser,"Sep 30, 2020"
Residential Proxies Quick Start Guide,"Sep 29, 2020"
What is Alternative Data?,"Sep 28, 2020"
Residential Proxy Acquisition: Best Practices,"Sep 24, 2020"
IPv4 vs. IPv6: What is the Difference?,"Sep 23, 2020"
What is cURL and What Does It Mean?,"Sep 21, 2020"
Python Requests Library,"Sep 19, 2020"
Kameleo Proxy Integration with Oxylabs,"Sep 18, 2020"
Proxy Integration With GoLogin,"Sep 16, 2020"
Free White Paper: Load Testing with Residential Proxies,"Sep 16, 2020"
How Do CAPTCHAs Work?,"Sep 15, 2020"
Oxylabs Reaches 100M+ Ethically-Obtained Residential Proxies Mark,"Sep 14, 2020"
What is a Web Crawler?,"Aug 31, 2020"
Free White Paper: The Application of AI and ML in Large-Scale Data Gathering Operations,"Aug 26, 2020"
Oxylabs Sets Clear Standards for Residential Proxy Acquisition,"Aug 21, 2020"
ML-based Adaptive Parser for Product Page Scraping,"Aug 21, 2020"
Using Python and Beautiful Soup to Parse Data: Intro Tutorial,"Aug 14, 2020"
Oxylabs Establishes AI and ML Advisory Board,"Aug 10, 2020"
Web Scraping with JavaScript and Node.js,"Aug 09, 2020"
Next-Gen Residential Proxies Vs Regular Residential Proxies,"Aug 05, 2020"
AI-Fueled Proxy Service Revolution: Next-Gen Residential Proxies,"Aug 05, 2020"
Oxylabs Is Launching Next-Gen Residential Proxies,"Aug 03, 2020"
Web Scraping With Selenium: DIY or Buy?,"Jul 15, 2020"
Setting the Right Approach to Web Scraping,"Jun 26, 2020"
Scrape Images From a Website with Python,"Jun 22, 2020"
Choosing the Right Proxy Service Provider,"Jun 22, 2020"
HTTP Headers Explained,"Jun 21, 2020"
Real-Time Crawler Quick Start Guide,"Jun 19, 2020"
Oxylabs Webinar: Residential Proxy Usage Mistakes and How to Solve Them,"Jun 18, 2020"
Helping to Save on Data Acquisition Costs for Pricing Intelligence,"Jun 01, 2020"
"Oxylabs Filed Antitrust Claims Against Luminati (now Bright Data), Its Investor EMK Capital, and Hola","May 29, 2020"
Reducing Data Acquisition Costs For Search Intelligence Company,"May 28, 2020"
Oxylabs Partnership With CoronaMapper: Another Success Story,"May 26, 2020"
Building Your Own Yellow Pages Scraper,"May 25, 2020"
TrackCorona Skyrockets to Popularity After Collaborating With Oxylabs,"May 20, 2020"
Building Up Web Robots: Oxylabs’ Proxies Bring Expansion,"May 19, 2020"
Stock Market Data – How to Scrape It,"May 18, 2020"
Most Common User Agents For Price Scraping,"May 12, 2020"
Automotive Industry Data Scraping: How’s It Changing this Market?,"May 11, 2020"
How to Achieve Cost-effective and Scalable Web Scraping for Product Listings,"May 05, 2020"
How to Use Proxy Rotator: Make the Most of Your Datacenter Proxies,"Apr 29, 2020"
Data Gathering Methods for E-Commerce: Building Web Scrapers,"Apr 28, 2020"
What Web Crawling Advantages Does Real-Time Crawler Provide?,"Apr 27, 2020"
Shared Proxies: What are They?,"Apr 24, 2020"
Introducing Oxylabs Self-Service!,"Apr 22, 2020"
Oxylabs and Lloyd’s Partnership: Cyber Insurance for All Proxy Solutions,"Apr 22, 2020"
Optimizing Dynamic Pricing for E-commerce,"Apr 21, 2020"
What is SSL Proxy and What Are Its Benefits?,"Apr 16, 2020"
"Update Regarding January 3, 2020 Oxylabs-Resolved Lawsuit With Luminati (now Bright Data﻿)","Apr 14, 2020"
What Is a Static Proxy?,"Apr 04, 2020"
Oxylabs Announces Partnership With CoronaMapper,"Apr 01, 2020"
Oxylabs Announces Partnership With Student-led TrackCorona,"Mar 26, 2020"
Reaching the World-Leading Number of Residential Proxies,"Mar 26, 2020"
Data Mining and Machine Learning: What’s the Difference?,"Mar 19, 2020"
Oxylabs Update: Coronavirus,"Mar 13, 2020"
What is Data Aggregation?,"Mar 12, 2020"
Gathering Data for Sales Intelligence,"Mar 10, 2020"
Oxylabs Sued Luminati (now Bright Data) and Its Investor EMK Capital LLP for Unfair Competition,"Mar 09, 2020"
Oxylabs’ 2020 Trend Report: Regions,"Mar 06, 2020"
Oxylabs’ 2020 Trend Report: Real-Time Crawler,"Mar 04, 2020"
Oxylabs’ 2020 Trend Report: Residential Proxies,"Mar 03, 2020"
Oxylabs’ 2020 Trend Report: 2017-2019 Case Studies,"Mar 02, 2020"
Oxylabs’ 2020 Trend Report: Datacenter Proxies,"Feb 27, 2020"
Setting Up Proxies With Proxifier,"Feb 26, 2020"
Introducing a Smaller Residential Proxies Pricing Plan,"Feb 26, 2020"
Set Up Your Proxies With Multilogin,"Feb 21, 2020"
The Rising Demand for Data: Oxylabs’ 2020 Trend Report,"Feb 13, 2020"
Oxylabs Real-Time Crawler: Impossible Is Just an Opinion,"Feb 06, 2020"
How To Set up FoxyProxy with Oxylabs Proxies,"Jan 30, 2020"
Join Us for a Networking Event for Web Scraping Professionals,"Jan 24, 2020"
Update Regarding Luminati (now Bright Data) vs. Oxylabs Legal Case,"Jan 23, 2020"
Jarvee: What It Is and How to Set Up Its Proxies,"Jan 22, 2020"
Real-Time Crawler Sees a Further Enhancement,"Jan 16, 2020"
Black Friday Web Scraping Insights,"Dec 05, 2019"
How We Handle Changes Implemented By Data Sources,"Nov 25, 2019"
Subscribing to Oxylabs’ YouTube Channel Is Worth It!,"Oct 31, 2019"
Scraping the Web With 100% Success Rate,"Oct 10, 2019"
Fingerprinting and Its Impact on Web Scraping,"Oct 10, 2019"
Scraping Trends and Infrastructure Sustainability,"Oct 09, 2019"
Using Browsers as a Service for Web Data Gathering,"Oct 08, 2019"
How Websites Block Bots,"Oct 04, 2019"
OxyCon 2019: The Top Takeaways From Day Two,"Oct 02, 2019"
OxyCon 2019: The Top Takeaways From Day One,"Oct 01, 2019"
OxyCon 2019: Data Gathering Conference for Leading Businesses,"Sep 19, 2019"
Data Collection Industry: Q2 Insights and Predictions for Q3,"Aug 06, 2019"
Introducing Oxylabs’ Data Research Team,"Jul 17, 2019"
Callback vs. Real-Time: Best Data Delivery Methods,"May 28, 2019"
Chrome Proxy Settings: How to Use it,"Apr 24, 2019"
Dedicated IPs vs. Shared IPs,"Jan 09, 2019"
